"addoverlay_fit","Add Overlay Fit"
"upload_failed_files","Unable to upload the following files"
"environment","Environment"
"production","Production"
"stage","Stage"
"test","Test"
"development","Development"
"local","Local"
"show_cookie_notice","Show Cookie Notice (EU Policy)"
"upload_plugin","Upload Plugin"
"screen_size_to_small","Your screen is too small to display the desired preview."
"converting","Converting"
"do_not_scale_up","Do not scale up"
"ratio","Ratio"
"disable_whoops_error_handler","Disable Whoops error handler"
"decimal_precision","Decimal precision"
"if_specified_decimal_mysql_type_is_used_automatically","If specified, DECIMAL(65,X) MySQL type is used automatically"
"only_unsigned","only unsigned"
"integer","Integer"
"object_regex_info","RegExp without delimiters, has to work in both JS and PHP"
"regex_validation","Regular Expression Validation"
"test_string","Test string"
"regex","RegEx"
"code_before_init","Code before init"
"code_after_pageview","Code after pageview"
"code_before_pageview","Code before pageview"
"select_presetting","Select a presetting"
"good","Bon"
"best","Meilleur"
"average","Average"
"language_settings","Paramètres des langues"
"toolbar_configuration","Configuration de la barre d'outils"
"too_many_children_for_recyclebin","This element contains too many children to be moved to the recyclebin."
"please_enter_the_maximum_viewport_width_in_pixels_allowed_for_this_thumbnail","Please enter the maximum viewport width (in pixels) allowed for this thumbnail"
"experimental","Experimental"
"example","Exemple"
"add_media_query","Add Media Query"
"default","Défaut"
"send_as_html_mime","Send as HTML/Mime"
"send_as_plain_text","Send as plain text"
"send_test_email","Envoyer un e-mail de test"
"global","Global"
"specific_settings","Paramètres spécifiques"
"metadata","metadata"
"login_as_this_user_description","Le lien suivant est un lien temporaire qui vous permet de vous connecter comme utilisateur dans différents navigateur :"
"login_as_this_user","Utilisateur déjà connecté dans un autre navigateur"
"email_address","Adresse E-mail"
"email_blacklist","E-mail banni"
"allowed_types_to_create","types autorisés à être créés"
"defaults_to_all","defaut pour tous"
"analytics_universal_configuration","Universal Analytics Configuration eg. {'cookieDomain': 'example.com'}"
"default_error_page","Page d'erreur par défaut"
"error_page","Page d'erreur"
"main_domain","Domaine principal"
"additional_domains","Domaines supplémentaires (un domaine par ligne)"
"redirect_to_main_domain","Rediriger les domains supplémentaires vers le domaine principal"
"use_different_email_delivery_settings","Utiliser une configuration d'envoi d'E-mail différente pour la newsletter"
"promotion_enquiry_sent_success","Votre demande d'amélioration a été envoyée au manager du projet"
"budget","Budget"
"duration","Durée"
"ad_type","Type de pub"
"promotion_enquiry_for","Promotion Enquiry for"
"collected_information","Information collectée"
"change_persona_to","Change Persona to (not permanently)"
"bug_report_sent_success","Votre rapport d'erreur a été transmis au manager du projet"
"feature_request_sent_success","Votre demande de fonctionnalité a été envoyé au gestionnaire de ce projet"
"notes_screenshot","Put some notes on the screenshot! (click on the image)"
"bug_report_for","Rapport d'erreur pour "
"feature_request_for","Feature Request for"
"scope","Scope"
"hit","Hit"
"session","Session"
"OK","OK"
"entry_conditions","Entry Conditions"
"entry_conditions_description","Entry conditions are only checked at the first visit of the user"
"duplicate","Double"
"optional","optionel"
"search_replace_assignments_error","Please select items where to replace and a new target item."
"replace_assignments_in_selected_elements","Remplacer les affectations dans les éléments sélectionnés"
"search_replace_assignments","Search & Replace Assignments"
"imageadvanced","Image Advanced"
"absolute_path_to_libreoffice","Chemin absolu vers LibreOffice"
"absolute_path_to_pngcrush","Absolute path to pngcrush"
"absolute_path_to_imgmin","Absolute path to imgmin"
"absolute_path_to_jpegoptim","Absolute path to jpegoptim"
"absolute_path_to_pdftotext","Absolute path to pdftotext"
"word_export_notice","S'il vous plaît noter que cette exportation ne comprend pas les informations de mise en page (ou juste ceux de base) et qu'il n'est pas possible d'importer à nouveau le contenu. <br /> La sélection de la langue est utilisée pour définir la langue pour les champs localisées de l'objet (uniquement champs localisés sont exportés!)."
"filter_active_message","Voulez-vous exporter les valeurs filtrées seulement ?"
"close_others","Fermer les autres"
"close_all","Fermer tout"
"close_unmodified","Fermer les non modifiés"
"classid","ID de classe"
"parentid","ID parent"
"mimetype","Type MIME"
"modificationdate","Date de modification"
"creationdate","Date de création"
"usermodification","Modification utilisateur"
"userowner","User Owner"
"fallback_languages","Langages définis (CSV eg. de_CH,de)"
"languages","Langues"
"add_language","Ajouter une langue"
"default_language","Default language"
"localization_and_internationalization","Localisation & Internationalisation"
"contact_email","E-mail de contact"
"password_was_not_changed","Le mot de passe n'a pas été changé car il n'était pas assez sécurisé"
"absolute_path_to_ghostscript","Chemin absolu vers Ghostscript"
"deactivate_maintenance","Désactiver la maintenance"
"marketing","Marketing"
"universal_analytics_code","Code analytics universel (analytics.js)"
"code_settings","Paramètres de code"
"advanced_integration","Intégration avancée"
"personamultiselect","Persona Multiselect"
"persona","Persona"
"clear_content_of_current_view","Nettoyer le contenu de la vue courante"
"highlight_editable_elements","Mettre en avant les éléments modifiables"
"continue","Continuer"
"you_have_unsaved_changes","Vous avez des modifications non sauvegardées"
"clear_content_of_selected_persona","Clear content of selected target group (persona)"
"visitors_of_this_page_will_be_automatically_associated_with_the_selected_personas","Visitors of this page will be automatically associated with the selected target groups (personas)"
"associate_target_group","Associer groupe cible"
"target_group","Group cible"
"edit_content_for_persona","Edit Content for Target Group (Persona)"
"select_a_persona","Select a Target Group (Persona)"
"problem_creating_new_persona","There was a problem during creating a new persona"
"enter_the_name_of_the_new_persona","Enter the name of the new persona"
"add_persona","Add Persona"
"personas","Personas"
"global_targeting_rules","Global Targeting Rules"
"personalization","Personnalisation"
"usage_statistics_info","Les données envoyées aux développeurs de Pimcore sont 100% anonyme et transférées de façon sécurisé par internet (HTTPS). Merci de ne pas désactiver cette fonctionnalité sauf si vous devez vraiment le faire. Vous pouvez voir les données qui sont transmises à l'équipe Pimcore dans : /website/var/log/usagelog.log"
"turn_off_anonymous_usage_submissions","Désactiver les soumissions anonymes"
"children","Enfants"
"elements_to_export","Éléments à exporter"
"xliff_export_documents","If you want to translate eg. the whole /en tree to a different language, first create a copy of /en, eg. /de then export /de for translation. When importing the translated XLIFF the English contents in /de will be overwritten by the German translation in the XLIFF file."
"xliff_export_objects","Only fields inside a Localized Fields container are recognized. When importing the translated XLIFF the source language will be untouched, only the target language fields will be overwritten."
"xliff_export_notice","Here you can select the documents and objects you want to export for external translation."
"important_notice","Notification importante"
"xliff_import_notice","Select a translated XLIFF file which was previously exported by pimcore and then translated by a localization service provider (LSP) or by a CAT application. Please aware that the import will overwrite the elements which were selected by the import (read also export)."
"shared_translations","Traductions partagées"
"translation","Traduction"
"add_hotspots","Ajouter des hotspots"
"composite","Composite"
"origin","Original"
"high_resolution","Haute résolution"
"enter_the_name_of_the_new_extension","Enter the name of the new plugin "
"invalid_plugin_name","Name of plugin not valid"
"create_new_plugin_skeleton","Créer un nouveau squelette de plugin"
"lazy_loading_warning","WARNING: Lazy Loading is NOT possible within Localized Fields, Field Collections and Object Bricks"
"textfield","Champ texte"
"add_data","Ajouter une donnée"
"add_marker","Ajouter un marqueur"
"add_hotspot","Ajouter un hotspot"
"add_marker_or_hotspots","Ajouter un marqueur ou un hotspot"
"create_menu_shortcut","Créer un raccourci dans le menu"
"nice_name","Nice Name"
"icon_class","Classe de l'icône"
"group","Groupe"
"group_icon_class","Group Icon Class"
"display","Affichage"
"order","Ordre"
"filter_type","Type de filtre"
"column_configuration","Configuration des colonnes"
"problem_creating_new_custom_report","There was a problem during creating the new report"
"enter_the_name_of_the_new_report","Entrez le nom du nouveau rapport"
"add_custom_report","Add Custom Report"
"custom_reports","Custom Reports"
"custom_report_adapter_sql","SQL"
"custom_report_adapter_analytics","Analyses"
"custom_report_chart_settings","Réglages du graphique"
"custom_report_charttype","Type de graphique"
"custom_report_charttype_none","Aucun"
"custom_report_charttype_pie","Graphe Camembert"
"custom_report_charttype_line","Graphes lignes"
"custom_report_charttype_bar","Histogramme"
"custom_report_chart_options","Type specific Chart Options"
"custom_report_x_axis","Axe X"
"custom_report_y_axis","Axe Y"
"custom_report_datacolumn","Colonne de donnée"
"custom_report_labelcolumn","Colonne d'étiquette"
"custom_report_groupBy_columns","Colonne de regroupement"
"custom_report_only_filter","Filtre seulement"
"custom_report_filter_and_show","Filtrer et voir"
"custom_report_filter_drilldown","Filter Drilldown"
"start_date","Date de départ"
"start_date_relative","Date de départ (par rapport à aujourd'hui)"
"end_date","Date de fin"
"end_date_relative","Date de fin (par rapprot à aujourd'hui)"
"relative_date_description","ex. -1m +1d  (d = jours, m = mois, y = années)"
"no_further_sources_allowed","No further data sources allowed"
"source_definition","Source Definition"
"content_social_analysis","Content & Social Analysis"
"up","Monter"
"down","Descendre"
"pass_through_params","Pass Through Params"
"clear_thumbnails","Nettoyer les vignettes"
"analytics_retargeting_code","Use the retargeting-code for analytics (dc.js)"
"analytics_asynchronous_code","Use the asynchronous code for analytics (ga.js)"
"progress","Progression"
"recipients","Destinataires"
"newsletter_send_error","Impossible d'envoyer votre newsletter, veuiller contacter votre administrateur !"
"newsletter_sent_message","Votre Newsletter est envoyée à tous les destinataires, ce traitement est réalisé en tâche de fond (vous pouvez quitter pimcore) et peut durer jusqu'à une heure."
"do_you_really_want_to_send_the_newsletter_to_all_recipients","Souhaitez vous vraiment envoyer la Newsletter à tous les destinataires"
"send_test_newsletter","Envoyer la Newsletter de test"
"send_newsletter","Envoyer la Newsletter Maintenant"
"object_filter","Filtre d'objet"
"test_email_address","Adresse E-Mail de test"
"problem_creating_new_newsletter","There was a problem while creating a new newsletter"
"enter_the_name_of_the_new_newsletter","Entrez le nom de la nouvelle Newsletter"
"add_newsletter","Ajouter une Newsletter"
"newsletter","Newsletter"
"newsletter_active","Newsletter Active"
"newsletter_confirmed","Newsletter Validée"
"gender","Sexe"
"crm","CRM"
"notes_events","Notes & Evénements"
"robots.txt","robots.txt"
"document_style_editor","Editeur de styles"
"delete_folder","Supprimer le dossier"
"there_are_more_than_one_items_for_the_given_selector","Il y a plus d'un élément pour le sélecteur donné, voulez-vous changer tous les éléments (Oui), ou juste celui séléctionné (Non)?"
"clear_all_styles","Vider les styles"
"top","Haut"
"bottom","Bas"
"left","Gauche"
"right","Droite"
"padding","Marge intérieure"
"margin","Marge extérieure"
"appearance","Apparence"
"font-family","Font-Family"
"font-weight","Font-Weight"
"line-height","Line-Height"
"letter-spacing","Letter-spacing"
"font-style","Font-Style"
"text-align","Text-Align"
"text-decoration","Text-Decoration"
"text-transform","Text-Transform"
"hierarchy","Hierarchie"
"no_item_selected","Aucun objet sélectionné"
"select_element","Sélectionner un élément"
"style_editor","Éditeur de style"
"preview_and_styles","Aperçu & styles"
"absolute_path_to_wkhtmltoimage_binary","Chemin absolu vers le binaire wkhtmltoimage"
"absolute_path_to_wkhtmltopdf_binary","Chemin absolu vers le binaire wkhtmltopdf"
"use_original_tiff","Utiliser le TIFF original (uniquement IMPRESSION)"
"use_original_tiff_description","Utiliser le TIFF original lorsque la source est au format image TIFF -> ne pas le modifier."
"home","Accueil"
"sorry_no_data_available","Désolé, aucune donnée disponible :("
"top_shares_pages","Pages les plus partagées"
"social_media","Réseaux sociaux"
"meta_data","Meta Data (<meta .../>)"
"last_update","Dernière mise à jour"
"robots_meta_blocked","Bloqué par la balise méta 'robots'"
"robots_txt_blocked","Bloqué par le fichier robots.txt"
"twitter","Twitter"
"opengraph","OpenGraph"
"microdata","Microdata"
"url_parameters","Paramètres d'URL"
"url_length","Longeur de l'URL"
"google_plus_one","Google +1"
"facebook_shares","Partages Facebook"
"type_reference","Type de référence"
"h1_text","Texte H1"
"cleanup_existing_data","Vider les données existantes"
"generate_page_previews","Générer les apercus de page"
"SEO","SEO"
"port","Port"
"delivery_settings","Paramètres d'envoi"
"message_parts","Parties du message"
"bounce_mail_inbox","Rebond des emails reçus"
"subject","Sujet"
"generate_previews","Générer les apercus"
"invalid_class_name","Nom de classe invalide"
"poster_image","Affiche-Image"
"delete_master_document","Supprimer le document maitre"
"open_master_document","Ouvrir le document maitre"
"password_protection","Protection par mot de passe"
"http_auth_warning","AVERTISSEMENT: Ceci s'applique à tous les sites"
"logger","Logger"
"redirect_unknown_domains_to_main_domain","Rediriger vos domaines inconnus (non utilisé pour un site et pour les redirections, ...) vers le domaine principal (ci-dessus)"
"colorspace","Espace colorimétrique"
"in_this_case_a_developer_has_to_implement_a_logic_which_handles_this_action","Dans ce cas, un développeur doit implémenter la logique pour traiter cette action (il n'y a pas d'autres réglages)"
"programmatically","Programmé"
"hours","Heures"
"minutes","Minutes"
"seconds","Secondes"
"link_clicked","Lien cliqué"
"number_of_links_clicked","Nombre de liens cliqués"
"operating_system","Système d'exploitation"
"hardware_platform","Plate-forme Matérielle"
"tablet","Tablette"
"time_on_site","Temps passé sur le site"
"visited_pages_before_number","Visité n-pages avant"
"number","Numéro"
"visited_page_before","Page visitée avant"
"searchengine","Moteur de recherche"
"referrer","Référent"
"referring_site","Site référent"
"regular_expression","Expression régulière"
"method","Méthode"
"hardlink","Lien direct"
"convert_to","Convertir"
"enable_targeting","Autoriser la sélection"
"AND","ET"
"OR","OU"
"AND_NOT","ET NON"
"create_a_variant_from_this_page","Créer une nouvelle variante à partir de la page courante pour fournir une version modifiée"
"radius_in_km","Rayon (km)"
"replace","Remplacer"
"redirect","Redirection"
"event","Evènement"
"code_snippet","Bout de code"
"browser","Navigateur web"
"conditions","Conditions"
"problem_creating_new_target","Il y a eu un problème pendant la création du nouvel élément"
"enter_the_name_of_the_new_target","Veuillez entrer le nom du nouvel élément"
"add_target","Ajouter un élément"
"targeting","Cibler"
"debug_admin_translations","Déboguer Traduction-Admin (entouré par +)"
"paste_inheritance","Coller (héritage)"
"are_you_sure","Etes vous sûr ?"
"all_content_will_be_lost","Tous les contenus vont être perdu"
"apply_new_master_document","Appliquer un nouveau gabarit"
"empty_content_master_content","Vider le Contenu - Ceci est pratique après avoir défini un nouveau document maître"
"content_master_document","Contenu-Document Maître"
"overwrite","Ecraser"
"click_right_to_overwrite","Click droit pour écraser"
"open_document_by_id","Ouvrir un document par l'ID"
"open_asset_by_id","Ouvrir un élément par l'ID"
"open_object_by_id","Ouvrir un objet par l'ID"
"please_enter_the_id_of_the_asset","Veuillez entrer l'ID de l'élément"
"please_enter_the_id_of_the_object","Veuillez entrer l'ID de l'objet"
"please_enter_the_id_of_the_document","Veuillez entrer l'ID du document"
"open_by_id","Ouvrir par l'ID"
"element_not_found","Elément non trouvé"
"short_url","URL courte"
"width_and_height_must_be_an_even_number","La largeur et la hauteur doivent être un nombre entier"
"path_or_url_incl_http","Chemin ou URL (inclure aussi http://)"
"no_matching_document_found_for","Aucun document trouvé pour"
"open_document_by_url","Ouvrir un document par URL"
"server_api_key","Clé API Serveur"
"browser_api_key","Clé API Navigateur"
"add_childs","Ajouter des enfants"
"url_incl_http","URL incl. http://"
"import_from_url","Importer depuis l'URL"
"source_site","Site-Source"
"target_site","Site-Cible"
"source_entire_url","URL entière en tant que source"
"auto_reload","Rechargement automatique"
"do_you_really_want_to_leave_the_editmode","Voulez-vous réellement quitter le mode édition (NON!)"
"or_specify_an_asset_image_below","ou spécifier une image ci dessous"
"analytics_internalid","Identifiant interne GA"
"show_in_google_anaytics","Montrer dans Google Analytics"
"medium","Moyen"
"style","Style"
"foreground_color","Couleur de premier plan"
"background_color","Couleur d'arrière-plan"
"enter_the_name_of_the_new_qrcode","Entrez le nom du nouveau code QR"
"problem_creating_new_qrcode","Un problème est survenu durant la création du code QR"
"saved_successfully","Sauvegardé"
"qr_codes","Codes QR"
"add_qr_code","Ajouter un code QR"
"element","Element"
"notes","Notes"
"details_for_selected_event","Détails de l'élément sélectionné"
"fields","Champs"
"events","Evenements"
"analytics_settings_description","Pour garantir l'intégration complète de Google Analytics, veuillez configurer votre compte Google API Service dans les propriétés systèmes"
"webastertools_settings_description","Pour utiliser l'intégration de l'outil Google Webmaster Tools, veuillez configurer le Google API Service Account dans les paramètres système"
"google_api_key_missing","La clé privée de l'API Google est absente (p12 de la console API), veuillez la mettre à l'endroit suivant :"
"google_api_private_key_installed","Votre clé Google API est installée correctement"
"google_api_access_description","Ceci est requis pour l'intégration de l'API Google. Utilisez seulement un "
"not_possible_with_paging","Désolé, ceci n'est pas possible avec les éléments qui sont paginés, essayez de restructurer vos données en évitant les pages dans votre arbre."
"not_supported_by_your_browser","Cette fonctionnalité n'est pas prise en charge par votre navigateur, veuillez le mettre à jour avec la dernière version."
"absolute_path_to_icc_rgb_profile","Chemin absolu vers le profil ICC RGB"
"absolute_path_to_icc_cmyk_profile","Chemin absolu vers le profil ICC CMYK"
"upload_path","Chemin du téléchargement sur le serveur."
"inherited","Hérité(e)(s)"
"length","Longueur"
"selection_options","Options de sélection"
"show_in_tree","Afficher dans l'arborescence"
"exactmatch","Correspondance exacte"
"open_document","Ouvrir un document"
"open_image","Ouvrir une image"
"expiry","Expiration"
"mobile","Téléphone portable"
"desktop","Bureau"
"drag_me","Glissé déposé moi"
"parameterPost","Paramètres POST"
"parameterGet","Paramètres GET"
"cookies","Cookies"
"serverVars","Variables du serveur"
"group_by_path","Grouper par chemin"
"flush","Vider"
"errors_from_the_last_14_days","Erreurs depuis les 14 derniers jours"
"http_errors","Erreurs HTTP"
"create_redirect_for_moved_renamed_page","Créer automatiquement une redirection lorsqu'une page est déplacée ou renommée"
"show_close_warning","Montrer la notification de fermeture"
"attributes","Attributs"
"matching_text","Texte correspondant"
"tag_saved_successfully","Le Tag a été sauvegardé"
"thumbnail_saved_successfully","La vignette à été sauvgardée"
"any","Tout"
"http_method","Methode HTTP"
"url_pattern","Format d'URL(Expression rationnelle ex: @success@i)"
"beginning","Début"
"element_css_selector","Elément (selecteur CSS)"
"insert_position","Insérer la Position"
"code","Code"
"tags","Tag"
"problem_creating_new_tag","Il y a eu un problème à la création du Tag"
"enter_the_name_of_the_new_tag","Entrez le nom du nouveau Tag"
"add_tag","Ajouter un Tag"
"tag_snippet_management","Gestion des Tags & Snippets"
"import_class_definition","Importer Définition Classe Objet"
"Click here to proceed","Cliquez ici pour valider"
"Your browser is not supported. Please install the latest version of one of the following browsers.","Votre navigateur n'est pas pris en charge. Veuillez privilégier une version plus récente parmis cette liste"
"open_in_new_window","Ouvrir dans une nouvelle fenêtre"
"limit_reached","Limite atteinte"
"robots_txt_exists_on_filesystem","Le fichier robots.txt existe déjà à la racine des fichiers"
"images_with_alt","Images avec du texte dans la balise alt"
"images_without_alt","Images sans texte dans la balise alt"
"external_links","Liens Externe"
"links","Liens"
"only_required_for_reporting_in_pimcore_but_not_for_code_integration","Ce qui suit n'est requis que si vous compter utiliser les fonctionnalités de rapports de pimcore, mais n'est pas nécessaire pour l'intégration"
"casesensitive","Sensible à la casse"
"path_aliases","Alias de répertoire"
"path_error_message","Un chemin doit commencer par / et peut seulement contenir les caractères suivants: a-zA-Z0-9-_./"
"pretty_url","URL enjolivées"
"pretty_url_label","URL enjolivées (écrase le chemin de la structure arborescente)"
"search_engine_optimization","Référencement"
"save_success","Sauvegardé avec succès"
"save_error","Impossible de sauvegarder"
"password_cannot_be_changed","Le mot de passe ne peut être changé"
"old_password","Ancien mot de passe"
"new_password","Nouveau mot de passe"
"retype_password","Retapez votre mot de passe"
"seo_document_editor","Editeur de document SEO"
"clear_temp_files","Vider les fichiers temporaires"
"reports","Rapports"
"routes","Routes"
"all_roles","Tous les Rôles"
"add_role","Ajouter un Rôle"
"role_creation_error","Le rôle n'a pas été créé"
"role_save_success","Le rôle a été sauvé"
"role_save_error","Impossible de sauver le rôle"
"roles","Rôles"
"workspaces","Zone de travail"
"Username","Login"
"Password","Mot de passe"
"Forgot your password","Mot de passe oublié"
"Back to Login","Retour au Login"
"Enter your username and pimcore will send a login link to your email address","Entrez votre login et pimcore vous renverra un lien pour vous connecter"
"Please check your mailbox.","Merci de consulter vos mails"
"Login","Login"
"Submit","Valider"
"A temporary login link has been sent to your email address.","Un lien temporaire a été envoyé à votre adresse email"
"system_performance_stability_warning","Attention : n'exécutez pas cette action à moins de savoir exactement ce que vous faites.<br><b style='color:red'>Cette action peut avoir un impact significatif sur la stabilité et les performances du système et peut causer une charge importante, voire un crash complet, du serveur !</b><br><br>Etes-vous sûr(e) ?"
"use_current_player_position_as_preview","Utiliser la position courante du lecteur en tant que prévisualisation"
"select_image_preview","Sélectionner la prévisualisation de l'image"
"preview_not_available","Prévisualisation indisponible"
"status","Statut"
"video_preview_in_progress","Le prévisualisation de cette vidéo est en cours de traitement"
"video_bitrate","Taux d'échantillonnage vidéo"
"audio_bitrate","Taux d'échantillonnage audio"
"php_cli_binary_and_or_ffmpeg_binary_setting_is_missing","L'exécutable PHP-CLI ou FFMPEG est indisponible, assurez-vous que les deux sont installés et exécutables et configurés dans les paramètres système"
"video_thumbnails","Miniatures vidéo"
"absolute_path_to_ffmpeg_binary","Chemin absolu vers le binaire FFMPEG"
"absolute_path_to_php_cli_binary","Chemin absolu vers le binaire PHP en ligne de commande"
"module_optional","Module (optionel)"
"do_you_really_want_to_close_pimcore","Voulez vous vraiment quitter Pimcore ?"
"valid_languages_frontend_description","Ce paramètre est utilisé dans les documents pour spécifier le langage du contenu (dans l'onglet propriétés) et pour les objets dans les champs traduits,...en fait de partout où l'utilisateur peut choisir ou utiliser une langue pour un contenu donné"
"maximum_items","nombre max. d'éléments"
"drop_element_here","Déposer l'élément ici"
"select_specific_area_of_image","Sélectionner une zone spécifique de l'image"
"insert_video_url_here","Insérer le lien de la vidéo ici"
"error_pasting_asset","Impossible de coller l'élément"
"error_pasting_document","Le document ne peut pas être déplacé à cet endroit."
"paste_recursive_updating_references","Collage récursif, mis à jour des références"
"collapsed","Refermé"
"add_hardlink","Ajouter un lien physique"
"source_path","Chemin source"
"properties_from_source","Utiliser les propriétés du document source"
"inherited_properties_from_source","Hériter des propriétés du document source"
"childs_from_source","Utiliser les enfants du document source"
"hardlink_properties","Paramètres du lien physique"
"click_right_for_more_options","Cliquer avec le bouton droit pour plus d'options"
"clear_only_output_cache","Vider seulement le cache de sortie"
"move_to_tab","Déplacer vers onglets"
"not_supported","non maintenu"
"show_random_pictures_on_login_screen","Afficher des images aléatoires sur l'écran de connection"
"url_to_custom_image_on_login_screen","URL d'une image pour l'écran de connection"
"system_infos_and_tools","Outils & Infos système"
"edit_link","Editer le lien"
"view_suffix","Suffixe de vue"
"sepia","Sépia"
"sharpen","Sharpen"
"gaussianBlur","Gaussian Blur"
"radius","Rayon"
"sigma","Sigma"
"threshold","Threshold"
"trim","Trim"
"tolerance","Tolerance"
"grayscale","Dégradé de gris"
"nothing_to_configure","Rien à configurer"
"enter_the_name_of_the_new_thumbnail","Entrez le nom pour la nouvelle miniature :"
"problem_creating_new_thumbnail","Création de la miniature impossible, veuillez contrôler le nom ! (les caractères autorisés sont a-z A-Z 0-9 _-)"
"preview_url","URL de prévisualisation"
"opacity","Opacité"
"applymask","Appliquer Mask"
"addoverlay","Ajouter une couche"
"important_use_imagick_pecl_extensions_for_best_results_gd_is_just_a_fallback_with_less_quality","IMPORTANT : Utilisez l'extension PECL imagick pour de meilleurs résultats, GDlib est simplement une version de secours avec des fonctionnalités limités et une qualité inférieure !"
"add_thumbnail","Ajouter Miniature"
"transformations","Transformations"
"frame","Frame"
"setbackgroundcolor","Modifier la couleur de fond"
"setbackgroundimage","Modifier l'image de fond"
"roundcorners","Coins arrondis"
"resize","Redimensionner"
"scalebyheight","Retailler par Hauteur"
"scalebywidth","Retailler par Largeur"
"crop","Recadrer"
"rotate","Rotation"
"color","Couleur"
"positioning","Positionnement"
"angle","Inclinaison"
"label_width","Largeur du libellé"
"label_first_cell","Première cellule du libellé"
"cleanup","Nettoyage"
"this_element_cannot_be_edited","Cet élément ne peut pas être édité"
"cache_disable_cookies","Désactiver les cookies (séparé par des virgules)"
"click_here_to_proceed","Cliquez ici pour continuer"
"path_to_lessc_optional","Chemin vers lessc (optionnel)"
"details","Détails"
"only_for_ip","Seulement pour l'IP (optionnel)"
"extension_is_up_to_date","Cette extension est à jour"
"update_information","Mettre à jour l'information"
"files","Fichiers"
"share_extension_upload_summary","Les fichiers suivants seront transférés dans la bibliothèque d'extension sur pimcore.org."
"number_of_files","Nombre de fichiers"
"share_extension_description","Vous devez utiliser des expressions régulières - Une expression par ligne"
"next","Suivant"
"exclude_files","Exclure les fichieres"
"collecting_download_information","Récupération des informations de téléchargement"
"share","Partage"
"push_update","Appuyer sur Mise à Jour"
"collecting_update_information","Récupération des informations de mises à jour. Merci de patienter..."
"extensions_upload_agree_text","Si vous désirez partage cette extension, elle ne sera pas publique pour tout le monde. Pour commencer vous avez la possibilité d'éditer quelques détails, permissions et dépendances pour le plugin. Après cette étape, vous pourrez décider de la rendre publique ou non."
"extension_upload_proceed","J'ai lu ce qui précédait. Continuer avec la mise à jour maintenant!"
"please_dont_forget_to_reload_pimcore_after_modifications","Merci de ne pas oublier de recharger pimcore après vos modifications"
"enable","Activé"
"disable","Désactivé"
"configure","Configure"
"download_extension","Télécharger des extensions"
"manage_extensions","Gérer les extensions"
"share_extension","Partager des extensions"
"beginning_with_ending_with_optional_slash","Commençant par, ... et se terminant par avant un slash optionnel"
"beginning_with","Commençant par"
"matching_exact","Correspondant exactement"
"add_expert_mode","Rajouter (mode expert)"
"add_beginner_mode","Rajouter (débutant)"
"cannot_save_object_please_try_to_edit_the_object_in_detail_view","<b>Impossible de sauver l'objet !</b><br>Essayer d'éditer l'objet dans la vue détaillée."
"size","Taille"
"select_a_file","Sélectionner un fichier"
"upload_compatibility_mode","Envoyer un fichier (mode compatibilité)"
"lowest","le plus petit"
"highest","le plus haut"
"override_all","tout écraser"
"the_system_is_in_maintenance_mode_please_wait","le système est dans le mode maintenance, merci de patienter"
"activate","Activer"
"maintenance_mode","Mode maintenance"
"translate_content_to","Traduire le contenu en"
"translate_api_key","Clé de l'API de traduction"
"image_is_too_small","Image trop petite, choisissez en une plus grande svp"
"new_version_available","Nouvelle version disponible"
"countrymultiselect","Pays (multisélection)"
"languagemultiselect","Langues (multisélection)"
"allow_capitals_for_documents","Autoriser les majuscules dans les URL"
"exif_data","Données EXIF"
"dimensions","Dimensions"
"image_details","Détails de l'image"
"yes","Oui"
"no","Non"
"allow_trailing_slash_for_documents","Autoriser les slashs en fin d'URL"
"none","Aucun"
"name_is_not_allowed","Nom n'est pas autorisé"
"system_properties","Propriétés système"
"localizedfields","Champs localisés"
"import_from_server","Importer depuis le serveur"
"upload_files","Uploader des fichiers"
"upload_zip","Uploader un fichier ZIP"
"new_folder","Nouveau dossier"
"please_enter_the_name_of_the_new_folder","Entrez le nom du nouveau dossier"
"please_enter_the_name_of_the_new_file","Entrez le nom du nouveau fichier"
"new_file","Nouveau fichier"
"document_root","Répertoire racine du site"
"server_fileexplorer","Explorateur de fichier serveur"
"proxy_host","Host du proxy"
"proxy_port","Port du proxy"
"proxy_user","Utilisateur du proxy"
"proxy_pass","Mot de passe du proxy"
"proxy_settings","Configurations du proxy"
"select_connectivity_type","Choisir le type de connexion"
"proxy","Proxy"
"direct_socket","Directe (Socket)"
"http_connectivity_direct_proxy","Connection HTTP (directe, proxy,...)"
"parent_element","Element parent"
"import_fieldcollection_definition","Importer Définition de collection de champs"
"batch_change_selected","Changement par lot sélectionné"
"gridview","Vue en liste"
"modificationDate","Date de modification"
"creationDate","Date de création"
"visibility_of_system_properties","Visibilité des propriété systèmes"
"translate","Traduire"
"translations_admin_hint","Veuillez recharger l'application pour appliquer les changements sur les traductions"
"download_as_zip","Télécharger un fichier ZIP"
"locked","Verrouillé"
"element_cannot_be_move_because_it_is_locked","L'élément de peut être déplacé, car il est verrouillé"
"element_cannot_be_moved","L'élément ne peut être déplacé ici"
"lock","Verrouiller"
"unlock","Déverrouiller"
"lock_and_propagate_to_childs","Verrouiller et propager aux enfants"
"unlock_and_propagate_to_children","Unlock and propagate to children"
"no_collections_allowed","Pas de collections authorisés"
"allowed_types","Types autorisés"
"columnlength","Largeur colonne"
"this_is_a_newer_not_published_version","Ceci est une version plus récente"
"direct_sql_query","Requête SQL directe"
"filter_condition","Condition de filtre"
"all_types","Tous les types"
"audio","Audio"
"video","Vidéo"
"archive","Archive"
"unknown","Inconnu"
"class","Classe"
"page","Page"
"snippet","Element"
"folder","Dossier"
"your_selection","Votre sélection"
"double_click_to_add_item_to_selection","Double-cliquez sur un élément pour l'ajouter à la sléction"
"visible_in_searchresult","Visible dans les résultats de recherche"
"visible_in_gridview","Visible sur la vue en 'grille'"
"fieldcollections","Ensemble de champs"
"fieldcollection_saved_successfully","L'ensemble de champs à bien été sauvegardé"
"problem_creating_new_fieldcollection","Il y a eu une erreur lors de la création de l'ensemble de champs"
"enter_the_name_of_the_new_fieldcollection","Entrez le nom de l'ensemble de champs"
"add_fieldcollection","Ajouter un ensemble de champs"
"field_collections","Ensemble de champs"
"block","Bloc"
"update_flash","Vous n'avez pas la dernière version du plugin Flash, merci de le mettre à jour!"
"tooltip","Bulle d'aide"
"label","Etiquette"
"objectsid","Objets (ID)"
"decimalPrecision","Précision décimale"
"css_style","Style CSS"
"error_auth_failed","Echec de la connexion. Merci d'essayer à nouveau."
"error_user_inactive","Cet utilisateur a été désactivé"
"error_session_expired","Votre session d'utilisateur a expiré, merci de vous reconnecter"
"settings_save_success","Configuration sauvegardée correctement"
"variation_page","Variante de page"
"add_variation_page","Ajouter une variante"
"navigation_summary","Résumé de navigation"
"prev_pages","Pages précédentes"
"next_pages","Pages suivantes"
"site","Site"
"descending","Décroissant"
"ascending","Croissant"
"sort","Trier"
"results","Résultats"
"dimension","Dimension"
"metric","Métrique"
"segment","Segment"
"data_explorer","Explorateur de données"
"navigation","Navigation"
"bounces","Rebonds"
"entrances","Entrées"
"exits","Sorties"
"uniquePageviews","Consultation de page unique"
"debug_mode_on","MODE DEBUG"
"restore","Restaurer"
"amount","Quantité"
"flush_recyclebin","Vider la corbeille"
"recyclebin","Corbeille"
"deletedby","Effacé par"
"add_setting","Ajouter le paramètre"
"website_settings","Paramètres du site"
"reverse","Revenir"
"geopolygon","Polygone géographique"
"open_select_editor","Ouvrir l'éditeur de sélection"
"geobounds","Limites géographiques"
"ignore","Ignorer"
"sure_to_install_unstable_update","Etes-vous sûr que vous voulez installer une version de travail non terminée?"
"there_was_a_problem_creating_a_folder","Problème rencontré pendant la création d'un nouveau dossier"
"empty_page","Page vide"
"empty_snippet","Snippet vide"
"empty_email","Email vide"
"email_log_property","Clé de la propriété"
"email_log_data","Données"
"email_log_resend","Envoyer l'e-mail"
"email_log_resend_window_title","Renvoyer l'e-mail"
"email_log_resend_window_msg","Merci de confirmer que vous souhaitez réexpédier l'e-mail à tous les destinataires"
"select_site","Sélectionner un site"
"main_site","Site principal"
"filename","Nom du fichier"
"data_mapping","Données de cartographie"
"unsupported_filetype","Type de fichier non supporté"
"class_saved_successfully","Classe sauvegardé avec succès"
"class_save_error","La classe ne peut être sauvegardée"
"show_root_node","Afficher le noeud root"
"root_folder","Dossier racine"
"email_log_resend_window_success_message","L'e-mail a bien été envoyé à tous les destinataires"
"email_log_resend_window_error_message","Une erreur s'est produite. L'e-mail n'a pas été réexpédié"
"condition","Condition"
"custom_views","Vues personnalisées"
"error_jobs","Les travaux suivants ont échoué"
"batch_change","Attribution groupée"
"batch_edit_field","Edition des champs groupée"
"published","Publié"
"all","tout"
"items_per_page","Eléments par page"
"analytics_accountid","Numéro de compte (ex. 1234567)"
"reload_pimcore_changes","Vous devez recharger Pimcore pour que les changements soient effectifs, voulez-vous le faire maintenant ?"
"info","Information"
"ab_test_was_created_successfully","Votre test A/B a été crée avec succès"
"ab_test_error","Il y a eu une erreur pendant la création de votre test A/B"
"add_your_test_pages","Maintenant ajoutez vos pages à cette expérience"
"create_ab_description","Ici vous pouvez créer de nouveaux tests A/B avec Google Analytics et Google Websiteoptimizer"
"experiment_name","Nom de l'expérimentation"
"conversion_page","Page - Conversion (But)"
"test_page","Page de test"
"URL","URL"
"select_version","Sélectionner une version"
"or","ou"
"link_settings","Lien de configuration"
"error_pasting_object","Erreur lors du collage de l'objet"
"paste_contents","Ne coller que du contenu ici"
"paste_as_child","Coller en tant qu'enfant"
"paste_recursive_as_childs","Coller en tant qu'enfant (récursif)"
"view_original","Voir l'original"
"feed","Flux "
"no_items_found","No items found"
"no_objects_found","Aucun objet trouvé"
"no_assets_found","Aucune image trouvée"
"no_documents_found","Aucun document trouvé"
"public_url","URL publique"
"create_ab_test","Création test A/B"
"google_websiteoptimizer","Google Website Optimizer"
"pageviews","Pages vues"
"unique_pageviews","Pages vues uniques"
"visits","Visites"
"pagespervisit","Pages / visite"
"average_timeonsite","Temps moyen sur le site"
"bouncerate","Taux de rebond"
"link_sources","Sources de lien"
"google_crawling_issues","Erreurs du crawler Google (Cliquez sur les lignes pour voir les détails)"
"detail","Détails"
"crawling_issues","Problèmes de navigation"
"internal_keywords","Mots-clés internes"
"external_keywords","Mots-clés externes"
"google_webmastertools","Google Webmastertools"
"verification_filename_text","Verification filename<br><small> nécessaire pour la vérification </ small>"
"analytics_notice","Lire la documentation sur les paramètres d'intégration de Google Analytics "
"outputcache_lifetime_description","Durée de vie optionnelle (en secondes) du cache output après expiration du cache, si elle n'est pas définie le cache sera vidé à chaque action effectuée dans le CMS, sinon il ne le sera pas (pour les sites à fort trafic)"
"exclude_patterns_description","Expression régulière comme /^\/dossier\/a\/exclure/"
"analytics_trackid_code","Track-ID (ex. UA-XXXXX-X)<br><small>nécessaire à l'intégration du code</small>"
"analytics_settings_profile_description","Avant de pouvoir sélectionner un profil vous devez définir vos accès à Google Analytics pour le compte dans les paramètres système ou dans le champs si dessous."
"report_settings","Réglages des rapports"
"overview","Aperçu"
"visitor_overview","Aperçu du visiteur"
"other","Autre"
"google_analytics","Google Analytics"
"select_a_report","Sélectionner un rapport"
"reports_and_marketing","Rapports & Marketing"
"multiselect","Multi-sélection"
"handler","Gestionnaire"
"invisible","Invisible"
"only_configured_languages","Ne montrer que dans les langages configurés dans le system"
"forms","Formulaires"
"add_form_component","Ajouter un composant de formulaire"
"save_only_scheduled_tasks","Sauvegarder seulement les tâches programmées"
"minify_javascript_algorithm","Algorithme de minification Javascript"
"modified_assets","Elements modifiés"
"modification_statistic","Changements des derniers 31 derniers jours"
"minify_javascript","Minifier Javascript"
"minify_css","Minifier CSS"
"content","Contenu"
"add_portlet","Ajouter une fenêtre"
"system_statistics","Statistiques du système"
"modified_documents","Documents modifiés"
"modified_objects","Objets modifiés"
"welcome","Bienvenue"
"save_and_publish","Sauvegarder et publier"
"delete","Effacer"
"save","Sauvegarder"
"your_asset_has_been_saved_successfully","Votre élément a bien été sauvegardé"
"add_assets","Ajouter élément(s)"
"preview","Prévisualiser"
"edit_image","Editer l'image"
"simple","Simple"
"advanced","Avancé"
"basic","Basique"
"permissions","Permissions"
"assets_permissions","Droits sur les assets/éléments"
"documents_permissions"," Droits sur les documents"
"objects_permissions","Droits sur les objets"
"username","Nom d'utilisateur"
"list","Lister"
"view","Voir"
"publish","Publier"
"rename","Renommer"
"create_childs","Créer des enfants"
"settings","Configuration"
"properties","Propriétés"
"versions","Versions"
"add","Ajouter"
"date","Date"
"user","Utilisateur"
"note","Note"
"available_versions","Versions disponibles"
"controller_and_view_settings","Paramètres Controller et View"
"email_from","Depuis"
"email_subject","Sujet"
"email_to","Pour"
"email_cc","Copie à"
"email_bcc","Copie cachée à"
"email_receive_empty_text","Recipients"
"email_settings","Paramètres d'email"
"email_settings_receiver_description","Vous pouvez spécifier plusieurs destinataires en séparant les adresses e-mail avec des points-virgules."
"email_logs","Envoyer les emails"
"email_log_from","De"
"email_log_to","Pour"
"email_log_cc","Copie à"
"email_log_bcc","Copie cachée à"
"email_log_sent_Date","Date d'envoi"
"email_log_subject","Sujet"
"email_log_show_html_email","Montrer l'e-mail au format HTML"
"email_log_show_text_email","Montrer l'e-mail au format texte"
"email_log_iframe_title_html","Version HTML de l'e-mail"
"email_log_iframe_title_text","Version texte de l'e-mail"
"email_log_show_text_params","Montrer les paramètres dynamiques"
"email_log_iframe_title_params"," Paramètres dynamiques"
"email_log_html","HTML"
"email_log_text","Texte"
"email_log_params"," Paramètres dynamiques"
"predefined_document_type","Type de document prédéfini"
"controller","Contrôleur"
"module","Module"
"action","Action"
"actions","Actions"
"template","Modèle"
"path_and_key_settings","Paramètres chemin et clé "
"path","Chemin"
"key","Clé"
"id","ID"
"name_and_meta_data","Nom et métadonnées"
"name","Nom"
"title","Titre"
"description","Description"
"keywords","Mots-clés"
"your_document_has_been_saved","Votre document a été sauvegardé !"
"unpublish","Non publié"
"internal_link","Lien interne"
"link_properties","Propriétés du lien"
"target","Cible"
"type","Type"
"external_link","Lien externe"
"add_folder","Ajouter un dossier"
"edit_filename","Renommer le fichier"
"please_enter_the_name_of_the_folder","Veuillez entrer le nom du dossier"
"upload_your_files_press_shift_to_select_multiple_files","Envoyer vos fichiers, cliquer sur 'Shift' pour sélectionner plusieurs fichiers"
"please_enter_the_new_name","Veuillez entrer le nouveau nom:"
"the_filename_is_already_in_use","Le nom de fichier est déjà utilisé à ce niveau, veuillez en choisir un autre."
"add_page","Ajouter une page"
"add_snippet","Ajouter un snippet"
"add_email","Ajouter email"
"add_link","Ajouter un lien"
"copy","Copier"
"paste","Coller"
"edit_key","Editer la clé"
"use_this_as_document_root_for_new_site","Utiliser ceci comme document de base pour un nouveau site"
"please_enter_the_domains_for_the_new_site","Merci d'entrer le(s) noms de domaine [séparés par des virgules] pour le nouveau site"
"edit_site","Edit Site"
"please_enter_the_domains_for_the_site","Veuillez entrer le(s) nom(s) de domaine (séparés par des virgules) pour le site"
"please_enter_the_new_key","Veuillez entrer la nouvelle clé"
"the_key_is_already_in_use_in_this_level_please_choose_an_other_key","La clé est déjà utilisée à ce niveau, veuillez en choisir une autre."
"close_all_tabs","Fermer tous les onglets"
"search","Rechercher"
"import","Importer"
"export","Exporter"
"clear_cache","Vider le cache"
"extensions","Extensions"
"backup","Sauvegarde"
"glossary","Glossaire"
"document_types","Types de documents"
"predefined_properties","Propriétés prédéfinies"
"users","Utilisateurs"
"profile","Profil utilisateur"
"you_are_not_allowed_to_manage_admin_users","You are not allowed to manage admin users"
"my_profile","My Profile"
"system","Système"
"update","Mettre à jour"
"documentation","Documentation"
"report_bugs","Rapporter un bug"
"about","A propos"
"file","Fichier"
"extras","Extras"
"help","Aide"
"configuration","Configuration"
"content_type","Type de contenu"
"value","Valeur"
"new_property","Nouvelle propriété"
"add_a_predefined_property_set","Ajouter une propriété prédéfinie"
"select_a_property","Sélectionner une propriété"
"add_a_custom_property","Ajouter une propriété personnalisée"
"all_users","Tous les utilisateurs"
"general","Général"
"admin","Administration"
"password","Mot de passe"
"language","Langue"
"please_enter_the_name","Entrez le nom svp :"
"new_document_type","Nouveau type de document"
"system_settings","Paramètres système"
"timezone","Fuseau horaire"
"mysql_database","Base de données MySQL"
"host","Serveur"
"database_name","Nom de la base de donnée"
"database_port","Port de la base de donnée"
"chmod_folder","Dossier CHMOD"
"chmod_files","Fichiers CHMOD"
"hostname_for_webdav","Nom d'hôte pour WebDAV"
"api_key","Clé API"
"secret","Secret"
"client_id","Id client"
"image_thumbnails","Miniatures d'images"
"thumbnails","Vignettes"
"quality","Qualité"
"interlace","Entrelacer"
"aspect_ratio","Zoom"
"format","Format"
"trees","Arbres"
"documents","Documents"
"assets","Eléments"
"upload","Envoi de fichier"
"width","Largeur"
"height","Hauteur"
"empty","Vide"
"workflow","Workflow"
"modify","Modifier"
"create","Créer"
"edit","Editer"
"logout","Déconnexion"
"cache","Cache"
"temporary_files","Fichiers temporaires"
"clear_temporary_files","Effacer les fichiers temporaires"
"store_version_history_in_days","Historique des versions pour X Jours"
"store_version_history_in_steps","Historique des versions pour X étapes"
"refresh","Rafraîchir"
"classes","Classes"
"static_routes","Routes statiques"
"add_class","Ajouter une classe"
"enter_the_name_of_the_new_class","Veuillez spécifier le nom de la nouvelle classe"
"layout","Mise en page"
"add_layout_component","Ajouter un composant de mise en page"
"add_data_component","Ajouter un champ"
"accordion","Accordéon"
"fieldset","Ensemble de champs"
"panel","Panneau"
"tabpanel","Onglet"
"pattern","Motif"
"variables","Variables"
"defaults","Valeurs par défaut"
"input","Champ de texte"
"checkbox","Case à cocher"
"textarea","Zone de texte"
"wysiwyg","WYSIWYG"
"numeric","Nombre"
"href","Lien vers un document"
"image","Image"
"select","Sélecteur"
"objects","Objets"
"structured","Structuré"
"geo","Géographique"
"base","Base"
"default_controller","Contrôleur par défaut"
"default_action","Action par défaut"
"error_pages","Pages d'erreur"
"no_preview_available","Désolé, pas d'aperçu disponible"
"add_object","Ajouter un objet"
"basic_configuration","Configuration basique"
"allow_inherit","Autoriser l'héritage"
"parent_class","Classe parente"
"use_traits","Use (traits)"
"general_settings","Paramètres généraux"
"layout_settings","Configurations de la mise en page (Admin Pimcore)"
"region","Région"
"border","Bordure"
"collapsible","Etendre"
"display_layout_to_users","Montrer la mise en page seulement à ces utilisateurs"
"allowed_classes","Classes autorisées"
"display_name","Afficher le nom"
"not_editable","Non modifiable"
"floating","Elément flottant"
"index","indexé"
"mandatoryfield","Champ requis"
"use_as_site","Utiliser comme site"
"edit_domains","Editer les domaines"
"remove_site","Retirer le site"
"text","Texte"
"document","Document"
"asset","Elément"
"bool","Booléen"
"object","Objet"
"remove","Supprimer"
"your_object_has_been_saved","Votre objet a été sauvegardé"
"hidden_dependencies","Il y a des dépendences additionnelles que votre utilisateur n'a pas le droit de voir."
"loading","Chargement"
"open","Ouvrir"
"pimcore_setup","Installateur"
"pimcore_setup_not_allowed","pimcore semble être déjà installé. La réinstallation est impossible"
"pimcore_setup_not_ready","Des erreurs se sont produites. Pimcore n'est pas prêt pour la configuration"
"db_settings_found","INFO : La configuration de la base de données à été trouvée."
"db_already_setup","INFO : Impossible de se connecter à la base de données."
"could_not_create_tables","ERREUR : L'import de la base a échoué"
"could_not_create_dir_for_log","ERREUR : Impossible de créer le répertoire pour le fichier de log"
"could_not_write_log","ERREUR! Le fichier de log n'est pas accessible en écriture. Merci d'ajuster les droits."
"system_xml_not_writeable","ERREUR! System.xml n'est pas accessible en écrture."
"system_xml_dir_not_writeable","ERREUR! Le répertoire website/var/config n'est pas accessible en écriture"
"system_xml_exists","Attention! Le fichier website/var/config/system.xml existe déjà et sera écrasé par l'installateur."
"could_not_verify_db_encoding","ERREUR : L'encodage des caractères de la base de données n'a pas pu être déterminé"
"wrong_db_encoding","ERREUR : L'encodage des caractères de la base de données n'est pas UTF8"
"no_db_connection","ERREUR : La connexion à la base de données a échouée"
"db_adapter_unknown","ERREUR! L'adaptateur de base de donnée est inconnu."
"could_not_create_admin_user","ERREUR! L'utilisateur Admin n'a pas pu être créé"
"add_user","Ajouter un utilisateur"
"could_not_write_system_xml","ERREUR! Le fichier system.xml n'a pas pu être créé"
"pimcore_setup_completed","L'installation de Pimcore à été complétée avec succès!"
"submit","Envoyer"
"steps_description","Si vous voulez utiliser les étapes de gestion de version à la place des jours, SVP laissez le champs Jours vide"
"days","Jours"
"steps","Etapes"
"adapter","Adaptateur de la base de donnée"
"dbname","Nom de la base de donnée"
"database","Base de données"
"version_days","Jours pour la gestion des versions"
"version_steps","Etapes pour la gestion des versions"
"problem_creating_new_class","Il y a eu une erreur, SVP assurez-vous que le nom de la classe comporte au moins 3 caractères."
"seemode","Voir"
"edit_current_page","Editer cette page"
"close","Fermer"
"name_already_in_use","Le nom est déjà utilisé"
"name_and_key_must_be_defined","Le nom et le type doivent être définis"
"mandatory_field_empty","Veuillez remplire tous les champs requis"
"plugins","Plugins"
"plugin_info","Info sur le plugin"
"available_plugins","Plugins disponibles"
"settings_plugins","Options"
"plugin_classname","Nom de classe du plugin"
"plugin_includepaths","Includes paths du plugin"
"plugin_namespaces","Namespaces du plugin"
"plugin_jspaths","Fichiers Javascript du plugin"
"plugin_csspaths","Fichiers CSS du plugin"
"install","Installer"
"uninstall","Désinstaller"
"plugin_uninstall_warning","Voulez-vous vraiment désinstaller ce plugin? ATTENTION! Tout le contenu relatif à ce plugin sera effacé!"
"some_fields_cannot_be_saved","Certains champs ne peuvent être sauvegardé"
"icon_path","Chemin vers l'icône"
"reload","Recharger"
"plugin_needs_reload","Ce plugin nécéssite de recharger l'interface utilisateur pour être pleinement fonctionnel. Voulez-vous recharger l'interface utilisateur maintenant?"
"plugin_installing_please_wait","Plugin en cours d'installation, veuillez patienter ..."
"schedule","Calendrier"
"time","Temps"
"version","Version"
"active","Actif"
"success","Succès"
"successful_saved_document","Votre document à été sauvegardé"
"error_moving_document","Votre document n'a pas pu être déplacé"
"translations","Traductions du site"
"translations_admin","Traductions de l'administration"
"debug_description","Quand le mode debug est activé, toutes les erreurs et les alertes sont notifiées directement dans le navigateur. Sinon elles sont désactivées et le contrôleur d'erreur prend le relais. (voir page d'erreur)"
"icon","Icône"
"add_document","Ajouter un document"
"please_enter_the_name_of_the_new_document","Entrez le nom de votre nouveau document"
"successful_saved_asset","Nouvel élément sauvegardé avec succès"
"error_saving_asset","L'élément n'a pas pu être sauvegardé"
"error_saving_document","Ce document n'a pas pu être sauveguardé"
"error_saving_object","L'objet ne peut pas être sauvegardé"
"please_enter_the_name_of_the_new_object","Veuillez entrer le nom du nouvel objet"
"slider","Slider"
"name_not_valid","Nom invalide"
"filename_not_valid","Nom invalide"
"firstname","Prénom"
"lastname","Nom"
"email","Courriel"
"cant_move_node_to_target","Déplacement du noeud impossible"
"error_moving_object","L'objet ne peut pas être déplacé"
"error_creating_object","Création de l'objet impossible"
"error_creating_document","Création du document impossible"
"domain","Nom de domaine"
"translations_are_not_configured","Les traductions ne sont pas configurées"
"read_more_here","En lire plus ici"
"admin_theme","Thème de l'administration"
"publish_version","Version publiée"
"no_version","Pas de version disponible"
"save_only_new_version","Sauvegarder uniquement la nouvelle version"
"there_is_a_newer_not_published_version","Il existe une version non plubliée plus récente"
"datetime","Date & heure"
"google_credentials_and_api_keys","Identité Google et Clés API"
"default_value","Valeur par défaut"
"button","Bouton"
"priority","Priorité"
"from","De"
"to","À"
"start","Démarrage"
"end","Fin"
"location","Lieu"
"every","Chaque"
"su","Dim."
"mo","Lun."
"tu","Mar."
"we","Mer."
"th","Jeu."
"fr","Ven."
"sa","Sam."
"categories","Catégories"
"multihref","Liens multiples"
"session_error_text","Il semble qu'il y ait un problème avec votre session. Voulez vous restez ? (à vos risques et périls)"
"session_error","Erreur de session"
"update_successful","Mise à jour réussie!"
"select_plugin_update","Sélectionner la mise à jour du plugin"
"select_update","Sélectionner la mise à jour"
"stable_updates","Mises à jour stables disponibles"
"non_stable_updates","Mises à jour non stables disponibles"
"looking_for_updates","Pimcore recherche de nouvelles versions. Suivant votre configuration, cela peut prendre du temps."
"please_wait","Veuillez patienter ..."
"latest_version_already_installed","Vous avez installé la dernière version."
"latest_pimcore_version_already_installed","Vous avez installé la dernière version de pimcore."
"plugin_update_error","Une erreur s'est produite, merci de vérifier"
"update_error","Une erreur s'est produite."
"downloading_packages","Téléchargement des paquets ..."
"start_update","Démarrer la mise à jour"
"update_in_progress","Mise à jour en cours ..."
"plugindownload","Télécharger des plugins"
"download_plugins","Télécharger des plugins"
"download","Télécharger"
"revision","Construction"
"plugin_downloaded","Plugin téléchargé"
"plugin_downloaded_info","Le plugin a été ajoute. S.V.P regardez l'onglet plugins  pour installer le plugin"
"plugin_download_failed","Le téléchargement a échoué"
"plugin_download_failed_info","Erreur de téléchargement du plugin. Vérifiez vos droits!"
"plugin_repositories","Serverus de plugins (séparés par des virgules)"
"inheritable","Héritable"
"table","Tableau"
"rows","Lignes"
"cols","Colonnes"
"data","Donnée"
"redirects","Redirections"
"source","Source"
"language_admin","Langue par défaut de l'administration"
"valid_languages_frontend","Langues valides en FrontEnd (id : fr,de,en...)"
"link","Lien"
"abbr","Abréviation"
"acronym","Acronyme"
"downloading_plugin","Téléchargement du plugin ..."
"cache_enabled","Activer"
"exclude_patterns","Modèles exclus"
"stop","Arrêter"
"outputfilters","Filtres de sortie"
"image_datauri_filter","DataURI de l'image"
"dependencies","Dépendances"
"requires","Requis"
"required_by","Requis par"
"search_edit","Recherche, Édition et Exportation"
"subtype","Sous-type "
"minify_html","Minifier le html"
"initializing","Initialisation..."
"backup_error","Une erreur s'est produite durant la sauvegarde"
"plugin_dir_error","Le répertoire de plugins n'existe pas ou n'est pas accessible en écriture"
"user_save_success","Le profil utilisateur a été sauvegardé."
"user_save_error","Le profil utilisateur ne peut être sauvegardé."
"system_settings_save_success","Les paramètres système ont bien été sauvegardés"
"system_settings_save_error","Les paramètres système n'ont pas pu être sauvegardés"
"maintenance_not_active","Il semblerait que la maintenance ne soit pas correctement configurée"
"mail_settings_incomplete","Il semblerait que la configuration mail soit incomplète"
"cover","Couverture"
"contain","Contient"
"please_select_a_type","Veuillez choisir un type"
"min_value","Valeur min."
"max_value","Valeur max."
"increment","Pas d'incrément"
"vertical","Vertical"
"filter","Filtre"
"add_filter","Ajouter le filtre"
"field","Champ"
"operator","Opérateur"
"apply","Appliquer"
"clear_filter","Vider le filtre"
"output_cache","Cache de sortie"
"lifetime","Temps de vie"
"country","Pays"
"show","Afficher"
"public","Public"
"maximum_2_versions","Vous ne pouvez comparer que 2 versions max."
"error","Erreur"
"element_is_locked","Cet élément est utilisé par une autre personne"
"element_lock_message","L'élément désiré est actuellement ouvert par une autre personne:"
"element_lock_question","Désirez-vous cependant l'ouvrir ?"
"since","Depuis"
"longitude","Longitude"
"latitude","Latitude"
"zoom_level","Niveau de zoom"
"map_type","Type de carte"
"roadmap","Feuille de route"
"satellite","Satellite"
"hybrid","Hybride"
"geopoint","Point géographique"
"google_api_key_simple","Google API Key (Simple API Accès pour Maps, CSE, ...)"
"google_api_key_service","Google API Credentials (Service Account Client ID pour Analytics, ...)"
"cancel","Annuler"
"current_address","Adresse actuelle"
"open_search_editor","Ouvrir le moteur de recherche"
"parameters","Paramètres"
"anchor","Ancre"
"accesskey","Clé d'accès"
"relation","Relation"
"tabindex","Index d'onglet"
"not_set","non-définit"
"document_restrictions","Restrictions du document"
"asset_restrictions","Restrictions de l'élément"
"object_restrictions","Restrictions de l'objet"
"allow_documents","Autoriser documents"
"allow_assets","Autoriser éléments"
"allow_objects","Autoriser objets"
"allowed_types_hint","(vide = autoriser tout)"
"allowed_document_types","Types de documents autorisés"
"allowed_asset_types","Types d'éléments autorisés"
"export_csv","Export CSV"
"import_csv","Import CSV"
"show_welcome_screen","Afficher l'écran d’accueil lors du démarrage"
"edit_user_permissions","Editer permissions utilisateur"
"plugin_misconfiguration","Le plugin ne peut pas s'ouvrir. Veuillez vérifier les droits sur le dossier contenant le plugin sur la configuration de votre serveur"
"plugin_repositories_description","Spécifiez un ou plusieurs serveurs de plugins auxquels pimcore se connecte pour télécharger et mettre à jour les plugins"
"website","Site web"
"plugin_build","construction de plugin"
"permission_overwrite_children","Sauvegarder et contraindre les enfants"
"permission_reset","Remise à zéro"
"superselectbox_empty_text","Veuillez entrer la valeur désirée et appuyer sur la touche entrée"
"valid_languages_frontend_empty_text","Merci de choisir les langues système valides"
"language_download","Télécharger des langues systèmes"
"language_downloaded","Fichier de langue téléchargé"
"language_downloaded_info","Le fichier de langue a été installé avec succès. Vous devez recharger pimcore avant que la langue ne devienne disponible.Voulez-vous recharger pimcore maintenant?"
"language_download_failed","Echec du téléchargement de la langue du système"
"language_download_failed_info","Le fichier de langue ne peut être téléchargé."
"language_translation_percentage","traduit"
"downloading_language","Téléchargement du fichier de langue"
"user_creation_error","Création de l'usager impossible"
"duplicate_username","les noms des utilisateurs et des groupes d'utilisateurs doivent être uniques"
"importFileHasHeadRow","Première ligne = titre de colonne"
"log_messages_user_mail_description","Adresse email à laquelle les messages de log sont envoyés. Cela doit être une adresse d'un administrateur. Merci de vérifier que le partamétrage des emails est correcte si vous voulez recevoir les log par email."
"log_messages_user_mail_recipient","Email de réception des messages de log"
"loglevels","Niveaux de logs"
"loglevels_description","Les niveaux coché seront logués dans site_web/var/log/debug.log. Les erreures les plus critiques sont toujours loguées, elles ne doivent pas être désactivées."
"email_senderemail","Email de l'expéditeur"
"email_sendername","Nom de l'expéditeeur"
"email_returnemail","Email de réponse"
"email_returnname","Nom de l'expéditeur de l'email de réponse"
"email_method","Méthode pour l'email"
"email_smtp_host","Hôte SMTP"
"email_smtp_port","Port SMTP"
"email_smtp_name","Nom SMTP"
"email_smtp_auth_method","Méthode d'authentification SMTP"
"no_authentication","Pas d'authentification"
"email_smtp_auth_username","Nom d'utilisateur SMTP"
"email_smtp_auth_password","Mot de passe SMTP"
"email_smtp_ssl","Sécurité de transport SMTP"
"email_debug_addresses","Adresses e-mail de debug"
"email_debug_addresses_empty_text","Entrez une liste d'adresses e-mail autorisées à recevoir les e-mails de debug"
"email_debug_domains","Domaines des e-mails de debug"
"email_debug_domains_empty_text","Entrez une liste de domaines (ex: pimcore.org) autorisés à recevoir des e-mails de debug. Toutes les adresses sur ces domaines sont autorisées à recevoir des e-mails de debug"
"no_ssl","-"
"user_settings","Configuration de l'utilisateur"
"error_deleting_object","Impossible de supprimer l'élément"
"user_object_dependencies","Utilisateur - Dépendances Element"
"user_object_dependencies_description","Cet utilisateur est référencé dans les objets suivants :"
"overwrite_object_with_same_key","Ecraser"
"overwrite_object_with_same_key_description","Quand la ré-écriture est activée, plutôt que de créer un nouvel objet à chaque ligne importée, les objet d'indice identique son remplacé. Les objets existant dans votre dossier d'import ne seront pas modifiés si aucun index ne leur correspond. Merci de noter que chaque object ayant le même index que dans votre fichier d'import seront remplacés. C'est également vrai pour des objet de classe différente ou même dossier d'objets ! Les champs d'objet configurés pour être ignorés dans le mappage des champs conserveront leurs valeurs."
"object_import_filename_description","Sélectionner le champ qui sera utilisé pour générer la clé de l'élément"
"save_pubish_close","Sauvegarder, publier et fermer"
"save_close","Sauvegarder et fermer"
"webservice","Web Service API (Mode Alpha)"
"webservice_enabled","Web Service API activé"
"webservice_description","En activant le web service, tous vos administrateurs auront accès à l'API SOAP de Pimcore décrite ici : VOTRE_NOM_DE_DOMAINE/webservice/Soap/?wsdl&username=NON_D_UTILISATEUR&token=TOKEN (Attention : le web service doit être activé pour que le WSDL soit accessible). Merci de consulter le Wiki de Pimcore pour savoir comment le token doit être généré."
"user_admin_description","Les adminstrateurs n'obtienent pas uniquement les droits listé si dessous, ils sont aussi autorisés a faire toutes les actions sur les documents, les éléments et les objets sans aucune restriction. De plus, les administrateurs peuvent accéder à tous les éléments de Pincore au travers du WebDAV et à l'API SOAP de Pincore (dans la mesure ou ceux ci sont configurés et activés dans la configuration système)."
"user_apikey_change_warning","Sachez que changer le mot de passe, change aussi la clé du service web API"
"user_apikey_description","La clé API est nécessaire pour accéder au service web pour cet utilisateur"
"apikey","Clé API"
"successful_publish_document","Votre document a été publié"
"successful_unpublish_document","Votre document a été dépublié"
"error_publish_document","Votre n'a pas pu être publié"
"error_unpublish_document","Votre document ne peut pas être publié"
"successful_publish_object","Votre objet a été publié"
"successful_unpublish_object","Votre objet a été dépublié"
"error_publish_object","Votre objet ne peut pas être publié"
"error_unpublish_object","Votre objet ne peut pas être dépublié"
"error_general","Le server a lancé une exception - l'action n'a pas pu être effectuée"
"missing_permission","Permission manquante pour cette action"
"lazy_loading","Long téléchargement"
"lazy_loading_description","Long téléchargement signifie que les objects en relation ne sont pas chargés à l'instanciation de l'object. Lors de l'accès par programmation, les relations ne sont chargé qu'à l'appel de la méthode get"
"lazy_loading_activated","(Long chargement activé)"
"non_owner_description","Objets propriétaire non représenter des relations d'un objet autre que de la même manière que les objets ne. La différence est que, d'un champ non propriétaire objet n'est pas le propriétaire des données concernant, il s'agit simplement d'une vue sur les données stockées dans d'autres objets. S'il vous plaît choisir le nom du propriétaire et sur le terrain où les données sont initialement stockées."
"owner_class","Classe propriétaire"
"owner_field","Champ propriétaire"
"nonownerobject_warning","L'objet en cours d'utilisation n'est pas le propriétaire de ces relations. Faire des modification à ce niveau pourrait ralentir la sauvegarde de cet objet."
"element_implicit_edit_question","Êtes vous sûr de vouloir le modifier avec cette action?"
"element_is_open","Element référencé déja ouvert"
"element_open_message","L'élément désiré est déja ouvert pour édition"
"nonownerobjects","Objets (Sans propriétaire)"
"nonownerobjects_self_selection","Dans le cas d'un objet non propriétaire, une relation avec moi même n'est pas possible, merci d'utiliser le champ original plutôt que le champ non propriétaire"
"warning","Avertissement"
"csv_object_export_warning","Merci de noter que les exports CSV ne supportent pas tous les types de données. En conséquence, ré-importer le précédent export CSV dans pimcore peut conduire à des pertes de données. Cliquez sur OK pour continuer l'export."
"Initializing","Initialisation"
"import_archive","Importer une archive"
"export_archive","Exporter une archive"
"element_export_skip_root","Exporter seulement les éléments enfants"
"element_export_recursive","Inclure les éléments enfants"
"element_export_include_relations","Inclure les éléments référencés"
"exporting_elements","Exportation des éléments..."
"export_items_finished","Éléments terminés"
"element_import_settings","Configuration de l'import"
"element_import_overwrite","Écraser les éléments si le chemin existe"
"importing_elements","Importation des éléments..."
"element_import","Importation de l'étément"
"element_import_finished","Import terminé"
"element_import_finished_hint","Tous les éléments ont été importés avec succès. Si des éléments déjà référencés étaient présents, pimcore a essyé de les restaurer dans leur dossiers originaux. Si le chemin n'existait pas, pimcore les a restauré dans le dossier racine"
"error_renaming_object","Une erreur est survenue lors du renommage de l'objet"
"element_import_import","éléments à importer - renommer en cas de chemins identiques"
"navigation_settings","Paramètres de navigation"
"navigation_enhanced","Paramètres avancés de navigation"
"navigation_target","Cible"
"navigation_basic","Paramètres basiques de navigation"
"further_navigation_settings","Plus de paramètres de navigation"
"navigation_exclude","Exclure de la navigation"
"allow_variants","Permettre des déclinaisons"
"show_variants","Montrer les déclinaisons dans l'arborescence"
"variants","Déclinaisons"
"variant","Déclinaison"
"add_variant","Rajouter une déclinaison"
"please_enter_the_name_of_the_new_variant","Merci de renseigner le nom de la nouvelle déclinaison"
"remove_variant","Supprimer une déclinaison"
"remove_variant_text","Êtes vous sûr de vouloir supprimer cette déclinaison?"
"error_creating_variant","Erreur lors de la création de la déclinaison"
"prevented creating object because object with same path+key already exists","Une erreur est apparue lors de la création de la déclinaison car un objet avec le même chemin+clé existe déjà"
"allowed_class_field","Classe/Champ autorisés"
"delete_message_dependencies","Il existe des dépendances, supprimer quand même?"
"delete_message","Êtes vous sûr de vouloir supprimer l'élément?"
"delete_message_batch","Voulez-vous vraiment effacer ces éléments ?"
"objectbricks","Objets imbriqués"
"add_objectbrick","Rajouter des objets imbriqués"
"delete_objectbrick","Supprimer des objets imbriqués"
"delete_objectbrick_text","Voulez vous vraiment supprimer les objets imbriqués sélectionnés ?"
"class_definitions","Définition de la classe"
"enter_the_name_of_the_new_objectbrick","Entrer le nom du nouvel objet imbriqué"
"no_further_objectbricks_allowed","Aucun autre objet imbriqué autorisé"
"problem_creating_new_objectbrick","Problème lors de la création de l'objet imbriqué"
"structuredTable","Tableau structurés"
"position","Position"
"structuredtable_type_number","Nombre"
"structuredtable_type_text","Texte"
"structuredtable_type_bool","Case à cocher"
"structuredtable_invalid_key","Touche non valide"
"data_width","Largeur de la colonne"
"grid_current_language","Langue courante"
"grid_column_config","Configuration de colonne"
"selected_grid_columns","Colonnes de la grille sélectionnés"
"object_columns","Objet colonnes"
"system_columns","Les colonnes système"
"columns","Colonnes"
"children_grid","Grille enfant"
"only_children","juste les objets enfants directs"
"hotspotimage_add_selector","Ajouter Hotspot"
"hotspotimage_enter_name_of_new_hotspot","Entrer le nom du nouveau Hotspot"
"hotspotimage","Image avec Hotspots"
"hotspotimage_no_image","Veuillez spécifier une image en premier"
"objectsMetadata_allowed_class","Classes autorisées"
"objectsMetadata_visible_fields","Champs visibles"
"objectsMetadata_type_number","Nombre"
"objectsMetadata_type_text","Texte"
"objectsMetadata_type_bool","Booléen"
"objectsMetadata_type_select","Liste déroulante"
"objectsMetadata","Objets avec métadata"
"objectbrick_saved_successfully","Briques objet sauvegardé avec succès"
"cut","Couper"
"paste_cut_element","Elément coupé collé"
"file_explorer_saved_file_success","Sauvegarde réussie"
"file_explorer_saved_file_error","Impossible de sauvegarder le fichier"
"reserved_field_names_error","Svp n'utilisez pas les noms réservés suivants :"
"use_current_date","Utiliser la date du jour"
"default_value_warning","Les valeurs par défaut ne sont pas stockés dans la définition de la table de base de données, ils ne sont pas présent dans les instances vides de l'Object. Ils ne sont disponibles que dans l'interface graphique pimcore"
"gui_default_value","Valeur par défaut non stockée"
"memorize_tabs","Mémoriser les onglets ouverts"
"change_type","Changer le type"
"keyvalue_menu_config","Configuration Clé/Valeur"
"keyValue_datatype","Clé/Valeur"
"keyValue_groups","Groupes"
"keyValue_properties","Définition d'une clé"
"keyValue_add_group","Ajouter un groupe"
"keyvalue_mbx_entergroup_title","Nouveau groupe"
"keyvalue_mbx_entergroup_prompt","Entrer un nom"
"keyvalue_mbx_enterkey_title","Nouvelle clé"
"keyvalue_mbx_enterkey_prompt","Entrer un nom"
"keyvalue_error_addgroup_title","Erreur"
"keyvalue_error_addgroup_msg","Erreur à l'ajout du groupe"
"keyvalue_error_addkey_title","Erreur"
"keyvalue_error_addkey_msg","Erreur à l'ajout d'une clé"
"keyvalue_configuration","Configuration"
"keyvalue_invalidname","Nom invalide"
"keyvalue_save_success","Votre configuration a été sauvegardée"
"keyvalue_save_error","Votre configuration 'a pas pu être sauvegardée"
"keyvalue_no_keys","Aucune clé trouvée"
"keyvalue_no_groups","Aucun groupe trouvé"
"keyvalue_detailed_configuration","Configuration détaillée"
"keyvalue_unit","Unité"
"keyvalue_find_group","Trouver un groupe"
"keyvalue_select_group","Sélectionner un groupe"
"keyvalue_define_select_values","Définir les valeurs possibles"
"keyvalue_define_select_values_error","Seulement disponible pour un champ 'select'"
"keyvalue_dialog_keygroup_search","Recherche par Clé/Groupe"
"keyvalue_tag_title","Clé/Valeur"
"keyvalue_tag_col_keyName","Clé"
"keyvalue_tag_col_keyDesc","Description"
"keyvalue_tag_col_group","Groupe"
"keyvalue_tag_col_groupDesc","Description du groupe"
"keyvalue_tag_col_value","Valeur (cliquer pour éditer...)"
"keyvalue_tag_col_unit","Unit"
"keyvalue_tag_col_metadata","Metadata"
"keyvalue_col_groupdescription","Groupe"
"keyvalue_col_groupid","GID"
"keyvalue_col_translator","Traducteur"
"keyvalue_col_metadata","Metadata"
"keyvalue_key_unique","<b>La clé doit être unique</b>"
"keyvalue_keyvalue_empty","Ni la Clé, ni la Valeur ne peuvent être vide"
"keyvalue_data_keywidth","Largeur de la colonne Clé"
"keyvalue_data_groupwidth","Largeur de la colonne Groupe"
"keyvalue_data_groupdescwidth","Group Desc column width"
"keyvalue_data_valuewidth","Largeur de la colonne Valeur"
"keyvalue_data_descwidth","Largeur de la colonne Description"
"keyvalue_data_maxheight","Hauteur maximum"
"keyValue","Clé/Valeur"
"keyValue_group","Groupe"
"keyvalue_translators","Traducteurs"
"keyvalue_select_translator","Sélectionner un traducteur"
"keyvalue_data_multivalent","valeur multiple"
"keyvalue_data_locked_title","Verrouillé"
"keyvalue_data_locked_msg","This is a multivalent property which cannot be edited in the grid view. Use the object editor instead"
"keyvalue_data_metavisible","Metadata visible"
"keyvalue_data_metawidth","Metadata column width"
"instance_identifier","Instance identifier"
"instance_identifier_info","The instance identifier has to be unique throughout multiple Pimcore instances. UUID generation will be automatically enabled if a Instance identifier is provided (do not change the instance identifier afterwards - this will cause invalid UUIDs)"
"show_metainfo","Info"
"element_metainfo","Meta Information"
"delete_confirm","supprimer"
"note_details","Note Details"
"element_history","Documents ouverts récemment"
"dashboards","Tableaux de bord"
"add_dashboard","Ajouter un tableau de bord"
"create_new_dashboard","Créer un tableau de bord"
"dashboard_already_exists","Un tableau de bord portant ce nom existe déjà !"
"please_enter_the_name_of_the_new_dashboard","Veuillez entrer le nom du nouveau tableau de bord"
"delete_dashboard","Supprimer le tableau de bord"
"really_delete_dashboard","Souhaitez vous vraiment supprimer le tableau de bord actuel ?"
"portlet_customreport","Rapport personnalisé"
"portlet_customreport_settings","Configuration du rapport personnalisé"
"restrict_selection_to","Restreindre la sélection à"
"clear_marker_or_hotspots","Clear Marker, Hotspot and Cropping Data"
"hotspots_cleared","Hotspots, Markers and Cropping Data cleared"
"localized_view_tooltip","Localized View Settings"
"localized_edit_tooltip","Localized Edit Settings"
"localized_view","L-View"
"localized_edit","L-Edit"
"maximum_tabs","Maximum number of tabs"
"deeplink","Lien profond"
"click_to_open","(clic pour ouvrir)"
"delete_selected","Effacer la sélection"
"open_selected","Ouvrir la sélection"
"algorithm","Algorithme"
"salt","Salt"
"saltlocation","Emplacement Salt"
"add_metadata","Ajouter Metadata"
"pimcore_icon_edit_pdf_text","Editer la version texte"
"pimcore_lable_text","Texte"
"chapter","Chapitre"
"search_and_move","Chercher et Déplacer"
"custom_layout","Custom Layout"
"custom_layout_definition","Custom Layout Definition"
"configure_custom_layouts","Configure Custom Layouts"
"add_layout","Add Layout"
"delete_layout","Delete Layout"
"enter_the_name_of_the_new_layout","Enter the name of the new layout"
"layout_save_error","Layout could not be saved"
"layout_saved_successfully","Layout saved successfully"
"special_settings","Special Settings"
"special_settings_tooltip","Special Settings"
"custom_layouts","Custom Layouts"
"localized_fields","Localized Fields"
"custom_layout_save_error","Layout could not not be saved"
"searching","Searching..."
"custom_layout_changed","Layout was changed in the meantime. Please reload the layout and try again"
"clone_user","Clone User"
"clone_role","Clone Role"
"add_selected","Add selected items"
"predefined_asset_metadata","Predefined Asset Metadata"
"new_definition","New Definition"
"target_subtype","Target Type"
"add_predefined_metadata_definitions","Add predefined definitions"
"rule_violation","Rule Violation"
"mandatory","Mandatory"
"emails","Emails"
"disallow_addremove","Disallow Add/Remove"
"disallow_reorder","Dissallow Reordering"
"reload_definition","Reload Definition"
"bulk_export","Bulk Export"
"bulk_import","Bulk Import"
"saving","Saving"
"definition","Definition"
"fieldcollection","Field Collection"
"objectbrick","Object Brick"
"select_all","Select All"
"deselect_all","Deselect All"
"definition_save_error","Could not save definition"
"definitions_saved","Definitions saved"
"warning_bulk_import","The Bulk Import will overwrite your class/fieldcollection/objectbrick definitions without warning! Do you want to continue?"
"customlayout","Custom Layout"
"scheduled","Scheduled"
"sent_emails","View Sent Emails"
"predefined_metadata_definitions","Predefined Metadata Definitions"
"naming_requirements_3chars","Name must be alphanumeric and at least 3 characters long"
"item_saved_successfully","Item saved successfully"
"default_layout","Use as default layout"
"there_are_more_columns","There are more columns than currently displayed"
"hide_edit_image_tab","Hide Edit Image Tab"
"merge_csv","Import &amp; Merge CSV"
"translation_merger_website","Merge Website Translations"
"translation_merger_admin","Merge Admin Translation"
"translation_merger_current","Current Text"
"translation_merger_csv","Text from CSV"
"nothing_to_merge","There is nothing to merge"
"are_you_sure_recursive","There child nodes which will be deleted as well! Are you sure?"
"csv_seperated_options","CSV seperated options"
"csv_seperated_options_info","The list of available options can be specified as comma-seperated list, as single-column values or  mixed. For the single-column way, the key will also be used as the value."
"first_page","First Page"
"previous_page","Previous Page"
"next_page","Next Page"
"last_page","Last Page"
"no_data_to_display","No data to display"
"extjs_version","Ext JS Version <span style='color:red'>(experimental)</span>"
"extjs_34","Ext JS 3.4 (default)"
"extjs_5","Ext JS 5 (experimental)"
